id,industry_id,parent_id,name,cate,industry_name,parent_name,count,pre_name,category_id
1069,0,0,翻译,专业咨询类,nan_industry,nan_parent,78521,翻译,55
1918,515,0,咨询顾问,专业咨询类,专业服务,nan_parent,67977,咨询顾问,55
194,0,0,战略师,专业咨询类,nan_industry,nan_parent,17849,战略师,55
1917,515,0,心理咨询师,专业咨询类,专业服务,nan_parent,1736,心理咨询师,55
1750,519,0,测试工程师,质量安全类,工业,nan_parent,787067,测试工程师,33
1749,519,0,质量工程师,质量安全类,工业,nan_parent,621870,质量工程师,33
1740,519,0,品质工程师,质量安全类,工业,nan_parent,128600,品质工程师,33
2075,519,0,检测工程师,质量安全类,工业,nan_parent,86902,检测工程师,33
1079,0,0,质量检验,质量安全类,nan_industry,nan_parent,13723,质量检验,33
2093,519,0,可靠性工程师,质量安全类,工业,nan_parent,12784,可靠性工程师,33
2095,519,0,标准化工程师,质量安全类,工业,nan_parent,7383,标准化工程师,33
2025,519,0,供应商质量,质量安全类,工业,nan_parent,7114,供应商质量,33
2194,526,0,ehs工程师,质量安全类,能源,nan_parent,6273,ehs工程师,33
1743,519,0,良率工程师,质量安全类,工业,nan_parent,1368,良率工程师,33
1752,519,0,现场安全工程师,质量安全类,工业,nan_parent,770,现场安全工程师,33
2076,519,0,过程质量控制,质量安全类,工业,nan_parent,288,过程质量控制,33
1963,517,0,经纪人,影视类,文化传媒,nan_parent,160537,经纪人,5
1968,517,0,服装师,影视类,文化传媒,nan_parent,120950,服装师,5
1958,517,0,摄影师,影视类,文化传媒,nan_parent,61976,摄影师,5
1964,517,0,后期制作,影视类,文化传媒,nan_parent,34464,后期制作,5
1970,517,0,摄像师,影视类,文化传媒,nan_parent,30521,摄像师,5
1973,517,0,编导,影视类,文化传媒,nan_parent,26341,编导,5
1959,517,0,化妆师,影视类,文化传媒,nan_parent,24701,化妆师,5
1955,517,0,导演,影视类,文化传媒,nan_parent,19422,导演,5
1962,517,0,主持人,影视类,文化传媒,nan_parent,12687,主持人,5
1971,517,0,模特,影视类,文化传媒,nan_parent,7888,模特,5
1967,517,0,造型师,影视类,文化传媒,nan_parent,6884,造型师,5
1960,517,0,演员,影视类,文化传媒,nan_parent,5661,演员,5
1957,517,0,音效师,影视类,文化传媒,nan_parent,2719,音效师,5
1961,517,0,配音员,影视类,文化传媒,nan_parent,2290,配音员,5
1969,517,0,道具师,影视类,文化传媒,nan_parent,2208,道具师,5
1972,517,0,星探,影视类,文化传媒,nan_parent,1974,星探,5
1956,517,0,艺术指导,影视类,文化传媒,nan_parent,890,艺术指导,5
1966,517,0,发行管理,影视类,文化传媒,nan_parent,579,发行管理,5
1965,517,0,放映管理,影视类,文化传媒,nan_parent,267,放映管理,5
98,5,89,音乐音效,影视类,网络游戏,3d美术,146,音乐音效,5
1827,522,0,医疗器械研发,医药研发类,医药,nan_parent,2553,医疗器械研发,54
1826,522,0,医药研发,医药研发类,医药,nan_parent,784,医药研发,54
1856,522,0,临床支持,医药研发类,医药,nan_parent,261,临床支持,54
1845,522,0,诊断试剂研发,医药研发类,医药,nan_parent,151,诊断试剂研发,54
1851,522,0,临床研究协调员,医药研发类,医药,nan_parent,117,临床研究协调员,54
1852,522,0,临床项目经理,医药研发类,医药,nan_parent,81,临床项目经理,54
1829,522,0,基因工程,医药研发类,医药,nan_parent,69,基因工程,54
1846,522,0,抗体研发,医药研发类,医药,nan_parent,64,抗体研发,54
1843,522,0,保健品研发,医药研发类,医药,nan_parent,45,保健品研发,54
1848,522,0,临床发展,医药研发类,医药,nan_parent,3,临床发展,54
1830,522,0,生物化学研发,医药研发类,医药,nan_parent,2,生物化学研发,54
1853,522,0,临床质量,医药研发类,医药,nan_parent,1,临床质量,54
3007,522,0,药物合成,医药研发类,医药,nan_parent,0,nan_pre_name,54
3006,522,0,医学策略,医药研发类,医药,nan_parent,0,nan_pre_name,54
3005,522,0,医学支持,医药研发类,医药,nan_parent,0,nan_pre_name,54
1857,522,0,临床政府事务,医药研发类,医药,nan_parent,0,nan_pre_name,54
1854,522,0,临床公关,医药研发类,医药,nan_parent,0,nan_pre_name,54
1859,522,0,药品注册,医学事务类,医药,nan_parent,2419,药品注册,60
1860,522,0,医疗器械注册,医学事务类,医药,nan_parent,1037,医疗器械注册,60
1824,522,0,医学事务,医学事务类,医药,nan_parent,327,医学事务,60
1825,522,0,医学联络官,医学事务类,医药,nan_parent,238,医学联络员,60
1067,522,0,护士,医疗服务类,医药,nan_parent,157259,护士,57
1063,522,0,医生,医疗服务类,医药,nan_parent,25900,医生,57
1872,522,0,药剂师,医疗服务类,医药,nan_parent,14808,药剂师,57
1868,522,0,营养师,医疗服务类,医药,nan_parent,10409,营养师,57
1863,522,1063,内科医生,医疗服务类,医药,医生,7630,内科医生,57
1871,522,0,理疗师,医疗服务类,医药,nan_parent,5031,理疗师,57
1865,522,0,验光师,医疗服务类,医药,nan_parent,4751,验光师,57
1869,522,1063,外科医生,医疗服务类,医药,医生,4676,外科医生,57
1882,522,0,导医,医疗服务类,医药,nan_parent,4090,导医,57
1870,522,1063,牙科医生,医疗服务类,医药,医生,2030,牙科医生,57
1885,522,0,中药调剂,医疗服务类,医药,nan_parent,1779,中药调剂,57
1877,522,0,针灸推拿,医疗服务类,医药,nan_parent,1732,针灸推拿,57
1880,522,1063,中医科医生,医疗服务类,医药,医生,1477,中医科医生,57
1875,522,1063,麻醉医生,医疗服务类,医药,医生,1403,麻醉医生,57
1864,522,0,护理主任,医疗服务类,医药,nan_parent,949,护理主任,57
1874,522,1063,儿科医生,医疗服务类,医药,医生,797,儿科医生,57
1879,522,0,美容整形,医疗服务类,医药,nan_parent,616,美容整形,57
1873,522,0,公共卫生,医疗服务类,医药,nan_parent,585,公共卫生,57
1867,522,1063,心理医生,医疗服务类,医药,医生,537,心理医生,57
1883,522,0,健康咨询,医疗服务类,医药,nan_parent,256,健康咨询,57
1861,522,0,医院院长,医疗服务类,医药,nan_parent,75,医院院长,57
1862,522,0,学术带头人,医疗服务类,医药,nan_parent,30,学术带头人,57
1876,522,0,医药检验,医疗服务类,医药,nan_parent,11,医药检验,57
1884,522,0,驻店医师,医疗服务类,医药,nan_parent,6,驻店医师,57
1881,522,0,临床保障,医疗服务类,医药,nan_parent,0,nan_pre_name,57
181,0,0,销售,销售类,nan_industry,nan_parent,6043721,销售,51
1613,514,0,营销策划,销售类,建筑与房地产,nan_parent,681327,营销策划,51
980,0,181,客户经理,销售类,nan_industry,销售,538454,客户经理,51
186,0,181,电话销售,销售类,nan_industry,销售,415294,电话销售,51
1614,514,0,房产销售,销售类,建筑与房地产,nan_parent,282470,房产销售,51
271,0,181,大客户销售,销售类,nan_industry,销售,182839,大客户销售,51
1887,513,0,理财经理,销售类,金融,nan_parent,120145,理财经理,51
981,0,181,业务拓展,销售类,nan_industry,销售,93376,业务拓展,51
1813,522,181,医药代表,销售类,医药,销售,77950,医药代表,51
1927,516,0,课程顾问,销售类,教育培训,nan_parent,62291,课程顾问,51
2003,518,181,城市经理,销售类,消费品,销售,26405,城市经理,51
1690,1,0,售前顾问,销售类,it/通信/电子/互联网,nan_parent,18158,售前顾问,51
1815,522,181,医疗器械销售,销售类,医药,销售,7377,医疗器械销售,51
2097,519,0,解决方案工程师,销售类,工业,nan_parent,6934,解决方案工程师,51
187,0,181,销售培训,销售类,nan_industry,销售,6439,销售培训,51
1818,522,181,otc代表,销售类,医药,销售,6079,otc代表,51
1817,522,181,药品市场推广,销售类,医药,销售,4598,药品市场推广,51
1940,0,0,健身顾问,销售类,nan_industry,nan_parent,3835,健身顾问,51
1943,516,0,校区负责人,销售类,教育培训,nan_parent,1393,校区负责人,51
1998,518,181,经销商管理,销售类,消费品,销售,1183,经销商管理,51
2001,518,181,加盟经理,销售类,消费品,销售,683,加盟经理,51
2002,518,181,销售预测,销售类,消费品,销售,580,销售预测,51
1886,513,0,机构销售,销售类,金融,nan_parent,363,机构销售,51
1820,522,181,sfe,销售类,医药,销售,251,sfe,51
182,0,181,直客销售,销售类,nan_industry,销售,197,直客销售,51
1814,522,181,疫苗销售,销售类,医药,销售,133,疫苗销售,51
1995,518,181,传统渠道销售,销售类,消费品,销售,124,传统渠道销售,51
1819,522,181,医药商务,销售类,医药,销售,81,医药商务,51
1997,518,181,直营管理,销售类,消费品,销售,52,直营管理,51
1816,522,181,医药渠道,销售类,医药,销售,17,医药渠道,51
2000,518,181,医务渠道销售,销售类,消费品,销售,3,医务渠道销售,51
2218,513,0,qfii销售,销售类,金融,nan_parent,0,nan_pre_name,51
2219,513,0,qdii销售,销售类,金融,nan_parent,0,nan_pre_name,51
1999,518,181,特殊渠道销售,销售类,消费品,销售,0,nan_pre_name,51
1996,518,181,现代渠道销售,销售类,消费品,销售,0,nan_pre_name,51
1621,514,0,物业管理,物业类,建筑与房地产,nan_parent,109799,物业管理,53
811,0,0,保安,物业类,nan_industry,nan_parent,42374,保安,53
1622,514,0,物业工程,物业类,建筑与房地产,nan_parent,23667,物业工程,53
1068,0,0,保洁,物业类,nan_industry,nan_parent,6333,保洁,53
954,0,0,物流,物流仓储类,nan_industry,nan_parent,316900,物流,24
955,3,954,仓储,物流仓储类,电子商务,物流,60016,仓储,24
1070,0,954,快递,物流仓储类,nan_industry,物流,46039,快递,24
956,3,954,配送,物流仓储类,电子商务,物流,23438,配送,24
170,517,0,编辑,文字编辑类,文化传媒,nan_parent,275054,编辑,12
1977,517,0,记者,文字编辑类,文化传媒,nan_parent,42685,记者,12
178,517,170,主编,文字编辑类,文化传媒,编辑,13441,主编,12
1974,517,0,撰稿人,文字编辑类,文化传媒,nan_parent,5374,撰稿人,12
174,517,170,总编辑,文字编辑类,文化传媒,编辑,4782,总编辑,12
171,517,170,运营编辑,文字编辑类,文化传媒,编辑,3587,运营编辑,12
180,517,170,图片编辑,文字编辑类,文化传媒,编辑,907,图片编辑,12
173,517,170,审核编辑,文字编辑类,文化传媒,编辑,782,审核编辑,12
172,517,170,频道内容编辑,文字编辑类,文化传媒,编辑,37,频道内容编辑,12
179,517,170,视频后期编辑,文字编辑类,文化传媒,编辑,26,视频后期编辑,12
177,517,170,媒资库编辑,文字编辑类,文化传媒,编辑,8,媒资库编辑,12
176,517,170,ugc编辑,文字编辑类,文化传媒,编辑,5,ugc编辑,12
1979,517,0,发行/出版,文字编辑类,文化传媒,nan_parent,0,nan_pre_name,12
1978,517,0,校对/录入,文字编辑类,文化传媒,nan_parent,0,nan_pre_name,12
2141,521,0,外贸业务员,外贸业务类,国际贸易,nan_parent,78508,外贸业务员,17
2136,521,0,单证员,外贸业务类,国际贸易,nan_parent,55141,单证员,17
2137,521,0,报关员,外贸业务类,国际贸易,nan_parent,46203,报关员,17
2142,521,0,船务,外贸业务类,国际贸易,nan_parent,24975,船务,17
2140,521,0,进出口专员,外贸业务类,国际贸易,nan_parent,23715,进出口专员,17
2138,521,0,报检员,外贸业务类,国际贸易,nan_parent,15223,报检员,17
2139,521,0,清关,外贸业务类,国际贸易,nan_parent,1819,清关,17
2135,521,0,海关事务管理,外贸业务类,国际贸易,nan_parent,1391,海关事务管理,17
232,0,0,投资,投资类,nan_industry,nan_parent,171949,投资,39
1605,514,1888,投资发展,投资类,建筑与房地产,投融资,3153,投资发展,39
1606,514,1888,投资分析,投资类,建筑与房地产,投融资,2663,投资分析,39
233,0,0,并购,投资类,nan_industry,nan_parent,1754,并购,39
1888,513,0,投融资,投资类,金融,nan_parent,515,投融资经理,39
1608,514,1604,土地评估,投资类,建筑与房地产,nan_parent,371,土地评估,39
1797,417,0,技术支持,通信研发类,通信/电信/网络设备,nan_parent,521177,技术支持,47
2041,1,1776,电子工程师,通信研发类,it/通信/电子/互联网,硬件工程师,180600,电子工程师,47
1776,1,0,硬件工程师,通信研发类,it/通信/电子/互联网,nan_parent,122357,硬件工程师,47
1762,417,0,射频工程师,通信研发类,通信/电信/网络设备,nan_parent,14073,射频工程师,47
1772,417,0,系统测试工程师,通信研发类,通信/电信/网络设备,nan_parent,13923,系统测试工程师,47
1791,417,0,网络优化工程师,通信研发类,通信/电信/网络设备,nan_parent,10855,网络优化工程师,47
1768,417,0,fpga工程师,通信研发类,通信/电信/网络设备,nan_parent,2983,fpga工程师,47
1805,417,0,音频工程师,通信研发类,通信/电信/网络设备,nan_parent,2425,音频工程师,47
1788,417,0,emc工程师,通信研发类,通信/电信/网络设备,nan_parent,2188,emc,47
1767,417,0,天线工程师,通信研发类,通信/电信/网络设备,nan_parent,2062,天线工程师,47
1803,417,0,图像工程师,通信研发类,通信/电信/网络设备,nan_parent,1775,图像工程师,47
1778,417,0,核心网工程师,通信研发类,通信/电信/网络设备,nan_parent,1740,核心网工程师,47
1792,417,0,网络规划工程师,通信研发类,通信/电信/网络设备,nan_parent,1651,网络规划工程师,47
1760,417,0,基带工程师,通信研发类,通信/电信/网络设备,nan_parent,1598,基带工程师,47
1795,417,0,基站维护工程师,通信研发类,通信/电信/网络设备,nan_parent,1107,基站维护工程师,47
1812,417,0,摄像头工程师,通信研发类,通信/电信/网络设备,nan_parent,886,摄像头工程师,47
1771,417,0,集成测试工程师,通信研发类,通信/电信/网络设备,nan_parent,776,集成测试工程师,47
1783,417,0,中间件工程师,通信研发类,通信/电信/网络设备,nan_parent,756,中间件工程师,47
1809,417,0,固件工程师,通信研发类,通信/电信/网络设备,nan_parent,647,固件工程师,47
1804,417,0,图像算法工程师,通信研发类,通信/电信/网络设备,nan_parent,489,图像算法工程师,47
1773,417,0,外场测试,通信研发类,通信/电信/网络设备,nan_parent,468,外场测试,47
1770,417,0,射频测试工程师,通信研发类,通信/电信/网络设备,nan_parent,458,射频测试工程师,47
1800,417,0,mmi,通信研发类,通信/电信/网络设备,nan_parent,449,mmi,47
1757,417,3001,物理层,通信研发类,通信/电信/网络设备,协议开发,367,物理层,47
1779,417,0,信号完整性工程师,通信研发类,通信/电信/网络设备,nan_parent,291,信号完整性工程师,47
1796,417,0,光通信工程师,通信研发类,通信/电信/网络设备,nan_parent,221,光通信工程师,47
1756,417,3001,无线协议开发,通信研发类,通信/电信/网络设备,协议开发,215,无线协议开发,47
1794,417,0,通信传输工程师,通信研发类,通信/电信/网络设备,nan_parent,150,通信传输工程师,47
1789,417,0,emi工程师,通信研发类,通信/电信/网络设备,nan_parent,108,emi,47
1806,417,0,音频算法工程师,通信研发类,通信/电信/网络设备,nan_parent,59,音频算法工程师,47
1759,417,0,dsp算法,通信研发类,通信/电信/网络设备,nan_parent,52,dsp算法,47
1761,417,0,基带算法工程师,通信研发类,通信/电信/网络设备,nan_parent,36,基带算法工程师,47
1807,417,0,音视频编解码工程师,通信研发类,通信/电信/网络设备,nan_parent,35,音视频编解码工程师,47
1802,417,0,多媒体软件开发工程师,通信研发类,通信/电信/网络设备,nan_parent,28,多媒体软件开发工程师,47
1801,417,0,音频驱动工程师,通信研发类,通信/电信/网络设备,nan_parent,18,音频驱动工程师,47
1763,417,0,射频算法工程师,通信研发类,通信/电信/网络设备,nan_parent,6,射频算法工程师,47
1764,417,0,收发信工程师,通信研发类,通信/电信/网络设备,nan_parent,1,收发信工程师,47
3001,417,0,协议开发,通信研发类,通信/电信/网络设备,nan_parent,0,nan_pre_name,47
1787,417,0,路由器开发工程师,通信研发类,通信/电信/网络设备,nan_parent,0,nan_pre_name,47
1786,417,0,文档开发工程师,通信研发类,通信/电信/网络设备,nan_parent,0,nan_pre_name,47
1785,417,0,pon软件开发工程师,通信研发类,通信/电信/网络设备,nan_parent,0,nan_pre_name,47
1777,417,0,pcb layout工程师,通信研发类,通信/电信/网络设备,nan_parent,0,nan_pre_name,47
1769,417,0,platform engineer,通信研发类,通信/电信/网络设备,nan_parent,0,nan_pre_name,47
1766,417,0,rf pa,通信研发类,通信/电信/网络设备,nan_parent,0,nan_pre_name,47
1765,417,0,fliter engineer,通信研发类,通信/电信/网络设备,nan_parent,0,nan_pre_name,47
210,0,0,市场,市场类,nan_industry,nan_parent,921151,市场,28
211,0,210,品牌管理,市场类,nan_industry,市场,77157,品牌管理,28
2021,518,0,促销,市场类,消费品,nan_parent,62746,促销,28
225,0,0,公共关系,市场类,nan_industry,nan_parent,42873,公共关系,28
212,0,210,市场策划,市场类,nan_industry,市场,37456,市场策划,28
219,0,210,市场调研,市场类,nan_industry,市场,13613,市场调研,28
216,0,210,搜索引擎营销,市场类,nan_industry,市场,10458,搜索引擎营销,28
2017,518,0,品类经理,市场类,消费品,nan_parent,5531,品类经理,28
2020,518,0,路演,市场类,消费品,nan_parent,1319,路演,28
1916,517,0,数字营销,市场类,文化传媒,nan_parent,940,数字营销,28
2019,518,0,通路行销,市场类,消费品,nan_parent,635,通路行销,28
229,0,225,危机公关,市场类,nan_industry,公共关系,284,危机公关,28
214,0,210,数据库营销,市场类,nan_industry,市场,242,数据库营销,28
2018,518,0,crm经理,市场类,消费品,nan_parent,195,crm经理,28
228,0,225,网络公关,市场类,nan_industry,公共关系,144,网络公关,28
227,0,225,政府公共关系,市场类,nan_industry,公共关系,62,政府公共关系,28
1821,522,0,中央市场,市场类,医药,nan_parent,57,中央市场,28
217,0,210,线下市场推广,市场类,nan_industry,市场,26,线下市场推广,28
2016,518,0,口碑管理,市场类,消费品,nan_parent,11,口碑管理,28
213,0,210,线上市场推广,市场类,nan_industry,市场,8,线上市场推广,28
1822,522,0,医药产品经理,市场类,医药,nan_parent,6,医药产品经理,28
215,0,210,社会媒体营销,市场类,nan_industry,市场,4,社会媒体营销,28
2022,518,0,event marketing,市场类,消费品,nan_parent,0,nan_pre_name,28
2015,518,0,marketing communication,市场类,消费品,nan_parent,0,nan_pre_name,28
1823,522,0,医学市场学术专员,市场类,医药,nan_parent,0,nan_pre_name,28
1989,518,0,配方工程师,食品研发类,消费品,nan_parent,2205,配方工程师,42
1988,518,0,中试工程师,食品研发类,消费品,nan_parent,2032,中试工程师,42
1992,518,0,植物提取工程师,食品研发类,消费品,nan_parent,27,植物提取工程师,42
1987,518,0,食品研发工程师,食品研发类,消费品,nan_parent,0,nan_pre_name,42
2182,526,0,石油工程师,石油技术类,能源,nan_parent,10984,石油工程师,32
2185,526,0,配色工程师,石油技术类,能源,nan_parent,2779,配色工程师,32
2181,526,0,钻井工程师,石油技术类,能源,nan_parent,934,钻井工程师,32
2184,526,0,火力工程师,石油技术类,能源,nan_parent,887,火力工程师,32
2183,526,0,油藏工程师,石油技术类,能源,nan_parent,161,油藏工程师,32
2180,526,0,油气地质工程师,石油技术类,能源,nan_parent,0,nan_pre_name,32
2179,526,0,无损检测,石油技术类,能源,nan_parent,0,nan_pre_name,32
1080,0,0,服务员,生活服务类,nan_industry,nan_parent,396070,服务员,50
818,0,0,店长,生活服务类,nan_industry,nan_parent,377530,店长,50
783,0,0,收银员,生活服务类,nan_industry,nan_parent,238525,收银员,50
1064,0,0,营业员,生活服务类,nan_industry,nan_parent,233488,营业员,50
1062,0,0,厨师,生活服务类,nan_industry,nan_parent,52101,厨师,50
1991,518,0,糕点师,生活服务类,消费品,nan_parent,694,糕点师,50
1990,518,0,调香师,生活服务类,消费品,nan_parent,351,调香师,50
3013,0,0,二手车评估师,生活服务类,nan_industry,nan_parent,0,nan_pre_name,50
2089,519,0,cnc工程师,生产制造技术类,工业,nan_parent,46588,cnc工程师,37
2088,519,0,自动化工程师,生产制造技术类,工业,nan_parent,32188,自动化工程师,37
1751,519,0,项目工程师,生产运营类,工业,nan_parent,964555,项目工程师,15
1739,519,0,设备工程师,生产运营类,工业,nan_parent,232579,设备工程师,15
2090,519,0,生产计划工程师,生产运营类,工业,nan_parent,94926,生产计划工程师,15
2092,519,0,车间主任,生产运营类,工业,nan_parent,89368,车间主任,15
2086,519,0,生产领班,生产运营类,工业,nan_parent,42624,生产领班,15
2087,519,0,认证工程师,生产运营类,工业,nan_parent,21609,认证工程师,15
2104,519,0,工厂经理,生产运营类,工业,nan_parent,13474,工厂经理,15
2027,519,0,计划调度,生产运营类,工业,nan_parent,9044,计划调度,15
1742,519,0,厂务工程师,生产运营类,工业,nan_parent,6627,厂务工程师,15
2072,519,0,精益工程师,生产运营类,工业,nan_parent,6068,精益工程师,15
2028,519,0,订单管理,生产运营类,工业,nan_parent,4175,订单管理,15
1747,519,0,生产管理经理,生产运营类,工业,nan_parent,1883,生产管理经理,15
2091,519,0,需求计划,生产运营类,工业,nan_parent,1336,需求计划,15
1741,519,0,产品工程师,生产技术类,工业,nan_parent,323003,产品工程师,30
1075,519,0,机械工程师,生产技术类,工业,nan_parent,215432,机械工程师,30
1748,519,0,工艺工程师,生产技术类,工业,nan_parent,193927,工艺工程师,30
2031,519,0,电气工程师,生产技术类,工业,nan_parent,170052,电气工程师,30
2043,519,0,模具工程师,生产技术类,工业,nan_parent,119234,模具工程师,30
2073,519,0,制造工程师,生产技术类,工业,nan_parent,91020,制造工程师,30
1738,519,0,制程工程师,生产技术类,工业,nan_parent,75783,制程工程师,30
2036,519,0,装配工程师,生产技术类,工业,nan_parent,63723,装配工程师,30
2071,519,0,工业工程师,生产技术类,工业,nan_parent,57716,工业工程师,30
2045,519,0,冲压工程师,生产技术类,工业,nan_parent,29201,冲压工程师,30
2035,519,0,焊接工程师,生产技术类,工业,nan_parent,26801,焊接工程师,30
2039,519,0,注塑工程师,生产技术类,工业,nan_parent,25378,注塑工程师,30
2033,519,0,模具设计,生产技术类,工业,nan_parent,22665,模具设计,30
2050,519,0,钣金工程师,生产技术类,工业,nan_parent,11695,钣金工程师,30
2068,519,0,制冷工程师,生产技术类,工业,nan_parent,11622,制冷工程师,30
2044,519,0,涂装工程师,生产技术类,工业,nan_parent,8350,涂装工程师,30
2059,519,0,线切割工程师,生产技术类,工业,nan_parent,5672,线切割工程师,30
1753,519,0,npi工程师,生产技术类,工业,nan_parent,5073,npi工程师,30
2038,519,0,锻造工程师,生产技术类,工业,nan_parent,4401,锻造工程师,30
2062,519,0,电镀工程师,生产技术类,工业,nan_parent,3885,电镀工程师,30
2069,519,0,热能工程师,生产技术类,工业,nan_parent,3393,热能工程师,30
2067,519,0,热处理工程师,生产技术类,工业,nan_parent,3339,热处理工程师,30
2096,519,0,新产品导入工程师,生产技术类,工业,nan_parent,3038,新产品导入工程师,30
1744,519,0,失效分析工程师,生产技术类,工业,nan_parent,2555,失效分析工程师,30
2058,519,0,线束工程师,生产技术类,工业,nan_parent,2202,线束工程师,30
2055,519,0,压铸工程师,生产技术类,工业,nan_parent,2048,压铸工程师,30
2057,519,0,镀膜工程师,生产技术类,工业,nan_parent,1622,镀膜工程师,30
2052,519,0,气体工程师,生产技术类,工业,nan_parent,1246,气体工程师,30
2070,519,0,传动工程师,生产技术类,工业,nan_parent,828,传动工程师,30
1737,519,0,工艺整合工程师,生产技术类,工业,nan_parent,537,工艺整合工程师,30
2060,519,0,发泡工程师,生产技术类,工业,nan_parent,515,发泡工程师,30
2034,519,0,非标设计,生产技术类,工业,nan_parent,474,非标设计,30
2051,519,0,流体工程师,生产技术类,工业,nan_parent,414,流体工程师,30
2094,519,0,cae分析工程师,生产技术类,工业,nan_parent,386,cae分析工程师,30
2042,519,0,干燥工程师,生产技术类,工业,nan_parent,364,干燥工程师,30
2048,519,0,铸件工程师,生产技术类,工业,nan_parent,259,铸件工程师,30
2054,519,0,注入工程师,生产技术类,工业,nan_parent,256,注入工程师,30
2056,519,0,镀铜工程师,生产技术类,工业,nan_parent,228,镀铜工程师,30
2053,519,0,表面贴装工程师,生产技术类,工业,nan_parent,177,表面贴装工程师,30
2037,519,0,材料工艺工程师,生产技术类,工业,nan_parent,112,材料工艺工程师,30
2040,519,0,挤塑工程师,生产技术类,工业,nan_parent,91,挤塑工程师,30
1754,519,0,封装设计师,生产技术类,工业,nan_parent,76,封装设计师,30
2074,519,0,先期制造工程师,生产技术类,工业,nan_parent,60,先期制造工程师,30
2049,519,0,脱硫脱销工程师,生产技术类,工业,nan_parent,39,脱硫脱销工程师,30
2046,519,0,烟气脱硝工程师,生产技术类,工业,nan_parent,9,烟气脱硝工程师,30
1745,519,0,器件建模工程师,生产技术类,工业,nan_parent,7,器件建模工程师,30
2107,519,0,飞行器制造,生产技术类,工业,nan_parent,5,飞行器制造,30
2078,519,0,电气维修工程师,生产技术类,工业,nan_parent,0,nan_pre_name,30
2077,519,0,专利工程师,生产技术类,工业,nan_parent,0,nan_pre_name,30
1986,518,0,包装开发工程师,生产技术类,消费品,nan_parent,0,nan_pre_name,30
238,0,0,商务,商务类,nan_industry,nan_parent,314275,商务,40
1618,514,0,招商运营,商务类,建筑与房地产,nan_parent,3127,招商运营,40
58,1,0,测试,软件技术类,it/通信/电子/互联网,nan_parent,271502,测试,26
1,1,0,java,软件技术类,it/通信/电子/互联网,nan_parent,186144,java,26
99,1,0,web前端,软件技术类,it/通信/电子/互联网,nan_parent,80230,web前端,26
65,1,0,android开发,软件技术类,it/通信/电子/互联网,nan_parent,78623,android开发,26
66,1,0,ios开发,软件技术类,it/通信/电子/互联网,nan_parent,72460,ios开发,26
50,1,47,网络运维,软件技术类,it/通信/电子/互联网,运维,72226,网络运维,26
47,1,0,运维,软件技术类,it/通信/电子/互联网,nan_parent,60650,运维,26
48,1,47,系统运维,软件技术类,it/通信/电子/互联网,运维,52666,系统运维,26
31,1,0,php,软件技术类,it/通信/电子/互联网,nan_parent,48127,php,26
39,1,0,数据分析,软件技术类,it/通信/电子/互联网,nan_parent,41639,数据分析,26
1007,2,47,系统管理,软件技术类,互联网,运维,36708,系统管理,26
36,1,0,.net开发,软件技术类,it/通信/电子/互联网,nan_parent,25260,.net开发,26
53,1,0,dba,软件技术类,it/通信/电子/互联网,nan_parent,13100,dba,26
1058,2,0,c++,软件技术类,互联网,nan_parent,12332,c++,26
37,1,0,数据仓库,软件技术类,it/通信/电子/互联网,nan_parent,7420,数据仓库,26
40,1,0,算法,软件技术类,it/通信/电子/互联网,nan_parent,7190,算法,26
1057,2,988,helpdesk,软件技术类,互联网,nan_parent,5749,helpdesk,26
1006,1,47,配置管理,软件技术类,it/通信/电子/互联网,运维,5646,配置管理,26
42,1,40,数据挖掘,软件技术类,it/通信/电子/互联网,算法,4752,数据挖掘,26
62,1,58,自动化测试,软件技术类,it/通信/电子/互联网,测试,3903,自动化测试,26
44,1,0,搜索开发,软件技术类,it/通信/电子/互联网,nan_parent,3871,搜索开发,26
73,28,64,unity3d开发,软件技术类,手机游戏,nan_parent,3775,unity3d开发,26
1020,1,58,测试开发,软件技术类,it/通信/电子/互联网,测试,3548,测试开发,26
61,1,58,性能测试,软件技术类,it/通信/电子/互联网,测试,3440,性能测试,26
1025,5,0,游戏客户端开发,软件技术类,网络游戏,nan_parent,3408,游戏客户端开发,26
38,1,37,etl,软件技术类,it/通信/电子/互联网,数据仓库,2755,etl,26
262,5,0,游戏主程序,软件技术类,网络游戏,nan_parent,2709,主程序,26
102,1,99,html5开发,软件技术类,it/通信/电子/互联网,web前端,2443,html5开发,26
100,1,99,javascript,软件技术类,it/通信/电子/互联网,web前端,2063,javascript,26
74,28,64,cocos2d-x开发,软件技术类,手机游戏,nan_parent,1890,cocos2d-x开发,26
1024,5,0,游戏服务器开发,软件技术类,网络游戏,nan_parent,1712,游戏服务器开发,26
32,1,0,python,软件技术类,it/通信/电子/互联网,nan_parent,1327,python,26
104,1,0,as3开发,软件技术类,it/通信/电子/互联网,nan_parent,1324,as3开发,26
72,1,0,wap开发,软件技术类,it/通信/电子/互联网,nan_parent,1321,wap开发,26
4,1,0,hadoop,软件技术类,it/通信/电子/互联网,nan_parent,1298,hadoop,26
18,5,0,引擎开发,软件技术类,网络游戏,nan_parent,1293,引擎开发,26
263,2,262,服务器主程,软件技术类,互联网,游戏主程序,909,服务器主程,26
264,2,262,客户端主程,软件技术类,互联网,游戏主程序,704,客户端主程,26
59,1,58,黑盒测试,软件技术类,it/通信/电子/互联网,测试,671,黑盒测试,26
69,1,0,mtk开发,软件技术类,it/通信/电子/互联网,nan_parent,326,mtk开发,26
60,1,58,白盒测试,软件技术类,it/通信/电子/互联网,测试,308,白盒测试,26
33,1,0,perl,软件技术类,it/通信/电子/互联网,nan_parent,306,perl,26
46,1,44,spider开发,软件技术类,it/通信/电子/互联网,搜索开发,301,spider开发,26
70,1,0,symbian开发,软件技术类,it/通信/电子/互联网,nan_parent,242,symbian开发,26
41,1,40,自然语言处理,软件技术类,it/通信/电子/互联网,算法,225,自然语言处理,26
1000,2,4001,java架构师,软件技术类,互联网,nan_parent,190,java架构师,26
8,1,0,linux内核,软件技术类,it/通信/电子/互联网,nan_parent,157,linux内核,26
68,1,0,brew开发,软件技术类,it/通信/电子/互联网,nan_parent,156,brew开发,26
1023,1,40,机器学习,软件技术类,it/通信/电子/互联网,算法,149,机器学习,26
49,1,47,安全运维,软件技术类,it/通信/电子/互联网,运维,134,安全运维,26
1010,1,40,语音识别,软件技术类,it/通信/电子/互联网,算法,120,语音识别,26
35,1,0,node.js,软件技术类,it/通信/电子/互联网,nan_parent,75,node.js,26
43,1,40,反作弊,软件技术类,it/通信/电子/互联网,算法,71,反作弊,26
71,5,64,kjava开发,软件技术类,网络游戏,nan_parent,67,kjava开发,26
1009,1,40,图像识别,软件技术类,it/通信/电子/互联网,算法,55,图像识别,26
1021,1,40,推荐系统,软件技术类,it/通信/电子/互联网,算法,52,推荐系统,26
1002,2,4001,php架构师,软件技术类,互联网,nan_parent,48,php架构师,26
1001,2,4001,.net架构师,软件技术类,互联网,nan_parent,44,.net架构师,26
26,44,1058,浏览器内核,软件技术类,浏览器,c++,21,浏览器内核,26
20,9,1058,客户端安全工程师,软件技术类,安全,c++,17,客户端安全工程师,26
14,1,0,windows内核,软件技术类,it/通信/电子/互联网,nan_parent,6,windows内核,26
5,1,1058,linux c/c++,软件技术类,it/通信/电子/互联网,c++,3,linux c/c++,26
67,1,0,windows phone开发,软件技术类,it/通信/电子/互联网,nan_parent,0,nan_pre_name,26
34,1,0,ruby on rails,软件技术类,it/通信/电子/互联网,nan_parent,0,nan_pre_name,26
3014,1,0,数据库开发,软件技术类,it/通信/电子/互联网,nan_parent,0,nan_pre_name,26
75,5,0,游戏策划,软件产品类,网络游戏,nan_parent,223124,策划,14
7,2,0,产品经理,软件产品类,互联网,nan_parent,184896,产品经理,14
76,5,75,文案策划,软件产品类,网络游戏,游戏策划,57651,文案策划,14
237,5,0,游戏制作人,软件产品类,网络游戏,nan_parent,10637,制作人,14
265,5,75,主策划,软件产品类,网络游戏,游戏策划,5748,主策划,14
80,5,75,系统策划,软件产品类,网络游戏,游戏策划,5065,系统策划,14
81,5,75,执行策划,软件产品类,网络游戏,游戏策划,2756,执行策划,14
78,5,75,数值策划,软件产品类,网络游戏,游戏策划,2754,数值策划,14
77,5,75,关卡策划,软件产品类,网络游戏,游戏策划,926,关卡策划,14
79,26,75,脚本策划,软件产品类,客户端游戏,游戏策划,195,脚本策划,14
196,0,0,人力资源,人力资源类,nan_industry,nan_parent,1009593,人力资源,52
199,0,196,培训,人力资源类,nan_industry,人力资源,304701,培训,52
198,0,196,招聘,人力资源类,nan_industry,人力资源,139857,招聘,52
201,0,196,薪资福利,人力资源类,nan_industry,人力资源,31975,薪资福利,52
1073,0,196,猎头,人力资源类,nan_industry,人力资源,25443,猎头,52
202,0,196,员工关系,人力资源类,nan_industry,人力资源,23424,员工关系,52
1022,0,196,hrbp,人力资源类,nan_industry,人力资源,8882,hrbp,52
203,0,196,人力资源管理,人力资源类,nan_industry,人力资源,8474,人力资源管理,52
200,0,196,绩效管理,人力资源类,nan_industry,人力资源,6375,绩效管理,52
197,0,196,人力资源规划,人力资源类,nan_industry,人力资源,1380,人力资源规划,52
2047,519,0,总装工程师,汽车制造类,工业,nan_parent,11654,总装工程师,48
2064,519,0,汽车装配工程师,汽车制造类,工业,nan_parent,9034,汽车装配工程师,48
2061,519,0,车身工程师,汽车制造类,工业,nan_parent,6968,车身工程师,48
2063,519,0,整车工程师,汽车制造类,工业,nan_parent,5733,整车工程师,48
2103,519,0,动力总成工程师,汽车制造类,工业,nan_parent,751,动力总成工程师,48
2102,519,0,汽车安全性能工程师,汽车制造类,工业,nan_parent,633,汽车安全性能工程师,48
2105,519,0,汽车结构工程师,汽车制造类,工业,nan_parent,73,汽车结构工程师,48
2065,519,0,发动机工艺工程师,汽车制造类,工业,nan_parent,52,发动机工艺工程师,48
2066,519,0,底盘工艺工程师,汽车制造类,工业,nan_parent,51,底盘工艺工程师,48
2081,519,1072,操作工,普工类,工业,普工,358057,操作工,11
1072,519,0,普工,普工类,工业,nan_parent,327189,普工,11
580,0,0,电工,普工类,nan_industry,nan_parent,170588,电工,11
2082,519,1072,钳工,普工类,工业,普工,73133,钳工,11
2079,519,1072,工长,普工类,工业,普工,29342,工长,11
2083,519,1072,装配工,普工类,工业,普工,12825,装配工,11
2085,519,1072,组装工,普工类,工业,普工,11523,组装工,11
2080,519,1072,安装工,普工类,工业,普工,3840,安装工,11
2129,519,1072,木工,普工类,工业,普工,366,木匠,11
2084,519,1072,接线工,普工类,工业,普工,188,接线工,11
1066,516,0,教师,培训教学类,教育培训,nan_parent,390516,教师,13
1925,516,0,助教,培训教学类,教育培训,nan_parent,68826,助教,13
1926,516,0,幼教,培训教学类,教育培训,nan_parent,47843,幼教,13
1944,516,1066,家教,培训教学类,教育培训,教师,18443,家教,13
1938,516,1066,美术教师,培训教学类,教育培训,教师,16251,美术教师,13
1930,516,1066,外语教师,培训教学类,教育培训,教师,16202,外语教师,13
1929,516,1066,数学教师,培训教学类,教育培训,教师,11803,数学教师,13
1945,516,0,培训督导,培训教学类,教育培训,nan_parent,9464,培训督导,13
1928,516,1066,语文教师,培训教学类,教育培训,教师,8148,语文教师,13
1937,516,1066,音乐教师,培训教学类,教育培训,教师,4345,音乐教师,13
1946,516,0,培训策划,培训教学类,教育培训,nan_parent,3715,培训策划,13
1932,516,1066,物理教师,培训教学类,教育培训,教师,2957,物理教师,13
1939,516,1066,体育教师,培训教学类,教育培训,教师,2908,体育教师,13
1947,516,0,教育产品开发,培训教学类,教育培训,nan_parent,2851,教育产品开发,13
1941,0,0,健身教练,培训教学类,nan_industry,nan_parent,2760,健身教练,13
1931,516,1066,化学教师,培训教学类,教育培训,教师,2306,化学教师,13
1935,516,1066,历史教师,培训教学类,教育培训,教师,613,历史教师,13
1936,516,1066,地理教师,培训教学类,教育培训,教师,610,地理教师,13
1933,516,1066,生物教师,培训教学类,教育培训,教师,598,生物教师,13
1934,516,1066,政治教师,培训教学类,教育培训,教师,507,政治教师,13
1942,516,0,拓展训练师,培训教学类,教育培训,nan_parent,271,拓展训练师,13
2209,531,0,园艺师,农林牧渔类,农业,nan_parent,13719,园艺师,16
2210,531,0,农艺师,农林牧渔类,农业,nan_parent,3341,农艺师,16
2208,531,0,畜牧师,农林牧渔类,农业,nan_parent,2456,畜牧师,16
2214,531,0,场长,农林牧渔类,农业,nan_parent,2267,场长,16
2217,531,0,兽医,农林牧渔类,农业,nan_parent,1941,兽医,16
2215,531,0,饲养员,农林牧渔类,农业,nan_parent,1622,饲养员,16
2216,531,0,饲料研发,农林牧渔类,农业,nan_parent,1214,饲料研发,16
2211,531,0,养殖技术员,农林牧渔类,农业,nan_parent,564,养殖技术员,16
2212,531,0,林业技术员,农林牧渔类,农业,nan_parent,67,林业技术员,16
2213,531,0,肉品分割师,农林牧渔类,农业,nan_parent,15,肉品分割师,16
2172,526,0,安全工程师,能源技术类,能源,nan_parent,134113,安全工程师,22
2175,526,0,动力工程师,能源技术类,能源,nan_parent,8987,动力工程师,22
2168,526,0,储运工程师,能源技术类,能源,nan_parent,3260,储运工程师,22
2170,526,0,压缩机工程师,能源技术类,能源,nan_parent,1494,压缩机工程师,22
2174,526,0,热控工程师,能源技术类,能源,nan_parent,1307,热控工程师,22
2163,526,0,光伏系统工程师,能源技术类,能源,nan_parent,675,光伏系统工程师,22
2198,526,0,薄膜工程师,能源技术类,能源,nan_parent,539,薄膜工程师,22
2171,526,0,采油工程师,能源技术类,能源,nan_parent,257,采油工程师,22
2200,526,0,电化学工程师,能源技术类,能源,nan_parent,82,电化学工程师,22
2201,526,0,锂电池研发工程师,能源技术类,能源,nan_parent,17,锂电池研发工程师,22
2199,526,0,气化系统工程师,能源技术类,能源,nan_parent,16,气化系统工程师,22
2167,526,0,pack结构设计工程师,能源技术类,能源,nan_parent,6,pack结构设计工程师,22
2176,526,0,负极材料研发,能源技术类,能源,nan_parent,4,负极材料研发,22
2166,526,0,pack测试工程师,能源技术类,能源,nan_parent,3,pack测试工程师,22
2164,526,0,matlab建模工程师,能源技术类,能源,nan_parent,1,matlab建模工程师,22
2169,526,0,船舶电气工程,能源技术类,能源,nan_parent,1,船舶电气工程,22
2178,526,0,变压器与磁电工程师,能源技术类,能源,nan_parent,0,nan_pre_name,22
2165,526,0,bms需求工程师,能源技术类,能源,nan_parent,0,nan_pre_name,22
2162,526,0,plc工程师,能源技术类,能源,nan_parent,0,nan_pre_name,22
2160,526,0,储能设备动力工程师,能源技术类,能源,nan_parent,0,nan_pre_name,22
2173,526,0,热注锅炉工程师,能源技术类,能源,nan_parent,0,nan_pre_name,22
2177,526,0,光源与照明工程,能源技术类,能源,nan_parent,0,nan_pre_name,22
2161,526,0,储能硬件工程师,能源技术类,能源,nan_parent,0,nan_pre_name,22
2159,526,0,光伏结构组工程师,能源技术类,能源,nan_parent,0,nan_pre_name,22
2158,526,0,储能软件工程师,能源技术类,能源,nan_parent,0,nan_pre_name,22
110,1,0,平面设计,美术设计类,it/通信/电子/互联网,nan_parent,367591,平面设计,1
107,1,0,视觉设计,美术设计类,it/通信/电子/互联网,nan_parent,114665,视觉设计,1
1043,2,107,网页设计,美术设计类,互联网,视觉设计,101301,网页设计,1
82,5,0,2d美术,美术设计类,网络游戏,nan_parent,22361,2d美术,1
1980,517,0,排版设计,美术设计类,文化传媒,nan_parent,9233,排版设计,1
86,5,82,2d特效,美术设计类,网络游戏,2d美术,7701,2d特效,1
103,1,0,flash,美术设计类,it/通信/电子/互联网,nan_parent,7341,flash,1
108,1,0,交互设计,美术设计类,it/通信/电子/互联网,nan_parent,6196,交互设计,1
89,5,0,3d美术,美术设计类,网络游戏,nan_parent,5210,3d美术,1
91,5,89,3d场景,美术设计类,网络游戏,3d美术,3035,3d场景,1
266,5,0,主美术,美术设计类,网络游戏,nan_parent,2908,主美术,1
93,5,89,3d特效,美术设计类,网络游戏,3d美术,2814,3d特效,1
90,5,89,3d角色,美术设计类,网络游戏,3d美术,2810,3d角色,1
87,5,82,2d动作,美术设计类,网络游戏,2d美术,2710,2d动作,1
83,5,82,角色原画,美术设计类,网络游戏,2d美术,1997,角色原画,1
84,5,82,场景原画,美术设计类,网络游戏,2d美术,1750,场景原画,1
85,5,82,ui美术,美术设计类,网络游戏,2d美术,1703,ui美术,1
92,5,89,3d动作,美术设计类,网络游戏,3d美术,1318,3d动作,1
109,1,0,用户研究,美术设计类,it/通信/电子/互联网,nan_parent,1096,用户研究,1
95,5,89,技术美术,美术设计类,网络游戏,3d美术,166,技术美术,1
94,5,89,关卡美术,美术设计类,网络游戏,3d美术,88,关卡美术,1
96,5,89,cg美术,美术设计类,网络游戏,3d美术,21,cg美术,1
2151,525,0,导游,旅游管理类,服务业,nan_parent,58951,导游,49
2152,525,0,票务员,旅游管理类,服务业,nan_parent,20319,票务员,49
2156,525,0,签证专员,旅游管理类,服务业,nan_parent,11190,签证专员,49
2154,525,0,旅游顾问,旅游管理类,服务业,nan_parent,10728,旅游顾问,49
2155,525,0,旅游计划调度,旅游管理类,服务业,nan_parent,4911,旅游计划调度,49
2153,525,0,订房专员,旅游管理类,服务业,nan_parent,1906,订房专员,49
2157,525,0,线路策划,旅游管理类,服务业,nan_parent,1828,线路策划,49
2187,526,0,仪表工程师,矿产技术类,能源,nan_parent,24574,仪表工程师,31
2188,526,0,采矿工程师,矿产技术类,能源,nan_parent,4803,采矿工程师,31
2189,526,0,选矿工程师,矿产技术类,能源,nan_parent,4113,选矿工程师,31
2186,526,0,塑料工程师,矿产技术类,能源,nan_parent,2829,塑料工程师,31
2190,526,0,地质技术员,矿产技术类,能源,nan_parent,594,地质技术员,31
191,0,0,客服,客服售后类,nan_industry,nan_parent,1213794,客服,6
192,0,191,在线客服,客服售后类,nan_industry,客服,63641,在线客服,6
193,0,191,客户服务代表,客服售后类,nan_industry,客服,25929,客户服务代表,6
195,0,191,呼叫中心客服,客服售后类,nan_industry,客服,8231,呼叫中心客服,6
1688,1,0,售后,客服售后类,it/通信/电子/互联网,nan_parent,0,nan_pre_name,6
2147,525,0,大堂经理,酒店管理类,服务业,nan_parent,72600,大堂经理,9
2145,525,0,楼面管理,酒店管理类,服务业,nan_parent,28603,楼面管理,9
2146,525,0,酒店管理,酒店管理类,服务业,nan_parent,18127,酒店管理,9
2143,525,0,宾客关系,酒店管理类,服务业,nan_parent,2169,宾客关系,9
2150,525,0,总厨,酒店管理类,服务业,nan_parent,1673,总厨,9
2144,525,0,业主代表,酒店管理类,服务业,nan_parent,614,业主代表,9
2149,525,0,行政管家,酒店管理类,服务业,nan_parent,597,行政管家,9
2148,525,0,宴会经理,酒店管理类,服务业,nan_parent,337,宴会经理,9
985,513,0,结算,金融业务类,金融,nan_parent,85244,结算,7
1908,513,0,金融工程师,金融业务类,金融,nan_parent,60205,金融工程师,7
1903,513,0,交易员,金融业务类,金融,nan_parent,51938,交易员,7
1607,514,1604,投融资,金融业务类,建筑与房地产,nan_parent,39577,投融资,7
1915,513,0,银行柜员,金融业务类,金融,nan_parent,20855,银行柜员,7
984,513,0,清算,金融业务类,金融,nan_parent,5864,清算,7
1895,513,0,拍卖师,金融业务类,金融,nan_parent,3719,拍卖师,7
1894,513,0,资产评估师,金融业务类,金融,nan_parent,2378,资产评估师,7
1909,513,0,精算师,金融业务类,金融,nan_parent,1957,精算师,7
1891,513,0,投资者关系,金融业务类,金融,nan_parent,1648,投资者关系,7
1889,513,0,信托经理,金融业务类,金融,nan_parent,1370,信托经理,7
1912,513,0,基金会计,金融业务类,金融,nan_parent,1242,基金会计,7
1893,513,0,董秘,金融业务类,金融,nan_parent,1194,董秘,7
1898,513,0,基金经理,金融业务类,金融,nan_parent,933,基金经理,7
1907,513,0,金融产品经理,金融业务类,金融,nan_parent,626,产品设计经理,7
1913,513,0,注册登记,金融业务类,金融,nan_parent,243,注册登记,7
1910,513,0,保荐人,金融业务类,金融,nan_parent,41,保荐人,7
1897,513,0,担保经理,金融业务类,金融,nan_parent,22,担保经理,7
1914,513,0,核保理赔,金融业务类,金融,nan_parent,15,核保理赔经理,7
1892,513,0,投后管理经理,金融业务类,金融,nan_parent,11,投后管理经理,7
1896,513,0,抵押贷款经理,金融业务类,金融,nan_parent,7,抵押贷款经理,7
1911,513,0,准保荐人,金融业务类,金融,nan_parent,1,准保荐人,7
1890,513,0,证券承经理,金融业务类,金融,nan_parent,0,nan_pre_name,7
1899,513,0,行业研究员,金融研究类,金融,nan_parent,3975,行业研究员,10
1902,513,0,量化研究员,金融研究类,金融,nan_parent,442,量化研究员,10
1901,513,0,债券研究员,金融研究类,金融,nan_parent,215,债券研究员,10
1900,513,0,宏观策略研究员,金融研究类,金融,nan_parent,78,宏观策略研究员,10
3011,513,0,金融研究员,金融研究类,金融,nan_parent,0,nan_pre_name,10
1920,516,0,校长,教务管理类,教育培训,nan_parent,19298,校长,2
1921,516,0,教学管理,教务管理类,教育培训,nan_parent,1175,教学管理,2
1923,516,0,高校关系顾问,教务管理类,教育培训,nan_parent,0,nan_pre_name,2
1060,0,0,司机,交通乘务人员类,nan_industry,nan_parent,439035,司机,38
2133,520,0,乘务员,交通乘务人员类,交通物流,nan_parent,13961,乘务员,38
2130,520,0,电机员,交通乘务人员类,交通物流,nan_parent,5394,电机员,38
2112,520,0,列车员,交通乘务人员类,交通物流,nan_parent,3477,列车员,38
2114,520,0,空乘,交通乘务人员类,交通物流,nan_parent,2867,空乘,38
2127,520,0,轮机员,交通乘务人员类,交通物流,nan_parent,2497,轮机员,38
2134,520,0,地勤,交通乘务人员类,交通物流,nan_parent,2135,地勤,38
2123,520,0,三管轮,交通乘务人员类,交通物流,nan_parent,2129,三管轮,38
2118,520,0,三副,交通乘务人员类,交通物流,nan_parent,2123,三副,38
2126,520,0,水手,交通乘务人员类,交通物流,nan_parent,1436,水手,38
2109,520,0,飞行员,交通乘务人员类,交通物流,nan_parent,1426,飞行员,38
2132,520,0,乘务长,交通乘务人员类,交通物流,nan_parent,895,乘务长,38
2117,520,0,二副,交通乘务人员类,交通物流,nan_parent,803,二副,38
2122,520,0,二管轮,交通乘务人员类,交通物流,nan_parent,714,二管轮,38
2115,520,0,船长,交通乘务人员类,交通物流,nan_parent,652,船长,38
2116,520,0,大副,交通乘务人员类,交通物流,nan_parent,371,大副,38
2120,520,0,轮机长,交通乘务人员类,交通物流,nan_parent,276,轮机长,38
2121,520,0,大管轮,交通乘务人员类,交通物流,nan_parent,272,大管轮,38
2131,520,0,领航员,交通乘务人员类,交通物流,nan_parent,211,领航员,38
2108,520,0,飞机机长,交通乘务人员类,交通物流,nan_parent,67,飞机机长,38
2110,520,0,列车司机,交通乘务人员类,交通物流,nan_parent,60,列车司机,38
2125,520,0,水手长,交通乘务人员类,交通物流,nan_parent,57,水手长,38
2113,520,0,空警,交通乘务人员类,交通物流,nan_parent,26,空警,38
2128,520,0,轮机工,交通乘务人员类,交通物流,nan_parent,16,轮机工,38
2119,520,0,新证三副,交通乘务人员类,交通物流,nan_parent,3,新证三副,38
2111,520,0,列车车长,交通乘务人员类,交通物流,nan_parent,3,列车车长,38
2124,520,0,新证三管,交通乘务人员类,交通物流,nan_parent,1,新证三管,38
2191,526,0,环保工程师,环保技术类,能源,nan_parent,21195,环保工程师,46
2192,526,0,水处理工程师,环保技术类,能源,nan_parent,12963,水处理工程师,46
2193,526,0,污水处理工程师,环保技术类,能源,nan_parent,5938,污水处理工程师,46
2196,526,0,水质检测,环保技术类,能源,nan_parent,1598,水质检测,46
2195,526,0,环境影响评价,环保技术类,能源,nan_parent,1152,环境影响评价,46
2197,526,0,固废工程,环保技术类,能源,nan_parent,135,固废工程,46
2204,527,0,化学分析测试员,化工技术类,化工,nan_parent,6270,化学分析测试员,8
2202,526,0,液压工程师,化工技术类,能源,nan_parent,5083,液压工程师,8
1985,518,0,化妆品研发工程师,化工技术类,消费品,nan_parent,1173,化妆品研发工程师,8
2005,518,0,印染工程师,化工技术类,消费品,nan_parent,491,印染工程师,8
2004,518,0,乳化工程师,化工技术类,消费品,nan_parent,392,乳化工程师,8
2203,527,0,化学工艺研究员,化工技术类,化工,nan_parent,8,化学工艺研究员,8
2205,527,0,生物转化研究员,化工技术类,化工,nan_parent,0,nan_pre_name,8
2206,527,0,药物晶型研究员,化工技术类,化工,nan_parent,0,nan_pre_name,8
2207,527,0,粉末涂料研发人员,化工技术类,化工,nan_parent,0,nan_pre_name,8
1026,2,0,搜索引擎优化,互联网运营类,互联网,nan_parent,40794,搜索引擎优化,44
1017,5,1016,活动策划,互联网运营类,网络游戏,游戏运营,29492,活动策划,44
959,2,0,产品运营,互联网运营类,互联网,nan_parent,15297,产品运营经理,44
1016,5,0,游戏运营,互联网运营类,网络游戏,nan_parent,4755,运营策划,44
958,3,0,网店运营,互联网运营类,电子商务,nan_parent,2870,网店运营,44
900,3,0,类目运营,互联网运营类,电子商务,nan_parent,1648,类目运营,44
918,3,0,商户运营,互联网运营类,电子商务,nan_parent,489,商户运营,44
987,4,981,商户管理,互联网运营类,金融与支付,业务拓展,230,商户管理,44
1018,5,1016,版本策划,互联网运营类,网络游戏,游戏运营,31,版本策划,44
205,0,0,行政,行政类,nan_industry,nan_parent,1568492,行政,29
1065,0,0,文员,行政类,nan_industry,nan_parent,882741,文员,29
1059,0,205,前台,行政类,nan_industry,行政,371985,前台,29
206,0,205,秘书,行政类,nan_industry,行政,361737,秘书,29
208,0,205,后勤/总务,行政类,nan_industry,行政,116639,后勤/总务,29
3012,0,205,助理,行政类,nan_industry,行政,0,nan_pre_name,29
220,0,0,媒介,广告媒介类,nan_industry,nan_parent,44251,媒介,45
221,0,220,媒介策划,广告媒介类,nan_industry,媒介,6290,媒介策划,45
224,0,220,媒介购买,广告媒介类,nan_industry,媒介,2031,媒介购买,45
223,0,220,媒介推广,广告媒介类,nan_industry,媒介,294,媒介推广,45
222,0,220,媒介评估,广告媒介类,nan_industry,媒介,0,nan_pre_name,45
1950,517,0,企划,广告策划类,文化传媒,nan_parent,115838,企划,25
1949,517,0,文案,广告策划类,文化传媒,nan_parent,102677,文案,25
1948,517,0,创意,广告策划类,文化传媒,nan_parent,52003,创意,25
1951,517,0,制作执行,广告策划类,文化传媒,nan_parent,9570,制作执行,25
1952,517,0,客户执行,广告策划类,文化传媒,nan_parent,4650,客户执行,25
1954,517,0,会务经理,广告策划类,文化传媒,nan_parent,1164,会务经理,25
1953,517,0,会展经理,广告策划类,文化传媒,nan_parent,988,会展经理,25
1077,0,0,供应链管理,供应链类,nan_industry,nan_parent,9091,供应链管理,23
2010,518,1811,包装设计,工业设计类,消费品,工业设计,14307,包装设计,34
1811,0,0,工业设计,工业设计类,nan_industry,nan_parent,10862,工业设计,34
1982,517,0,家具设计,工业设计类,文化传媒,nan_parent,8839,家具设计,34
1981,517,0,珠宝设计,工业设计类,文化传媒,nan_parent,3473,珠宝设计,34
1983,517,0,家居设计,工业设计类,文化传媒,nan_parent,1385,家居设计,34
1984,517,0,玩具设计,工业设计类,文化传媒,nan_parent,961,玩具设计,34
2106,519,0,飞行器设计,工业设计类,工业,nan_parent,268,飞行器设计,34
2011,518,1811,瓶体设计,工业设计类,消费品,工业设计,0,nan_pre_name,34
1047,0,0,总经理,高管类,nan_industry,nan_parent,131551,总经理,27
1056,0,0,首席执行官,高管类,nan_industry,nan_parent,30754,首席执行官,27
1045,0,0,总裁,高管类,nan_industry,nan_parent,9783,总裁,27
1052,0,0,首席运营官,高管类,nan_industry,nan_parent,5889,首席运营官,27
1049,0,0,董事会秘书,高管类,nan_industry,nan_parent,5823,董事会秘书,27
1048,0,0,董事长,高管类,nan_industry,nan_parent,3717,董事长,27
1054,0,0,首席信息官,高管类,nan_industry,nan_parent,2997,首席信息官,27
1051,0,0,首席技术官,高管类,nan_industry,nan_parent,2610,首席技术官,27
1046,0,0,董事总经理,高管类,nan_industry,nan_parent,1257,董事总经理,27
1053,0,0,首席市场官,高管类,nan_industry,nan_parent,353,首席市场官,27
1055,0,0,首席人事官,高管类,nan_industry,nan_parent,88,首席人事官,27
1050,0,0,首席产品官,高管类,nan_industry,nan_parent,54,首席产品官,27
1061,518,0,服装设计,服饰开发类,消费品,nan_parent,19186,服装设计,35
1993,518,0,面料开发,服饰开发类,消费品,nan_parent,16032,面料开发,35
1994,518,0,辅料开发,服饰开发类,消费品,nan_parent,12740,辅料开发,35
2013,518,0,打板师,服饰开发类,消费品,nan_parent,1256,打板师,35
2014,518,0,出格师,服饰开发类,消费品,nan_parent,1069,出格师,35
2012,518,0,制鞋工程师,服饰开发类,消费品,nan_parent,124,制鞋工程师,35
269,513,1904,风险控制,风险管理类,金融,风险管理,34617,风险控制,4
270,513,1904,合规,风险管理类,金融,风险管理,12707,合规,4
1904,513,0,风险管理,风险管理类,金融,nan_parent,9067,风险管理经理,4
986,513,1904,内部审计,风险管理类,金融,风险管理,6441,内部审计,4
1906,513,1904,催收,风险管理类,金融,风险管理,391,催收经理,4
1905,513,1904,信用审批,风险管理类,金融,风险管理,0,nan_pre_name,4
255,0,247,法务,法务类,nan_industry,nan_parent,68243,法务,56
256,0,247,律师,法务类,nan_industry,nan_parent,40508,律师,56
258,0,247,知识产权,法务类,nan_industry,nan_parent,14228,知识产权/专利,56
257,0,247,法律顾问,法务类,nan_industry,nan_parent,9004,法律顾问,56
1609,514,0,前期开发,地产业务类,建筑与房地产,nan_parent,13890,前期开发,36
1610,514,1609,报批报建,地产业务类,建筑与房地产,前期开发,1251,报批报建,36
1611,514,1609,配套管理,地产业务类,建筑与房地产,前期开发,95,配套管理,36
1580,514,1579,室内设计,地产设计类,建筑与房地产,nan_parent,112730,室内设计,43
1582,514,1581,机电设计,地产设计类,建筑与房地产,nan_parent,70767,机电设计,43
1576,514,1575,建筑设计,地产设计类,建筑与房地产,nan_parent,61035,建筑设计,43
1590,514,1589,景观设计,地产设计类,建筑与房地产,nan_parent,55766,景观设计,43
1585,514,1581,暖通设计,地产设计类,建筑与房地产,nan_parent,53877,暖通设计,43
1584,514,1581,给排水设计,地产设计类,建筑与房地产,nan_parent,47500,给排水设计,43
1583,514,1581,电气设计,地产设计类,建筑与房地产,nan_parent,42021,电气设计,43
1578,514,1577,结构设计,地产设计类,建筑与房地产,nan_parent,31437,结构设计,43
1586,514,1581,水电设计,地产设计类,建筑与房地产,nan_parent,26103,水电设计,43
1587,514,1581,水暖设计,地产设计类,建筑与房地产,nan_parent,8676,水暖设计,43
1592,514,1591,幕墙设计,地产设计类,建筑与房地产,nan_parent,4666,幕墙设计,43
1588,514,1581,水利水电设计,地产设计类,建筑与房地产,nan_parent,396,水利水电设计,43
1548,514,1547,土建工程,地产工程类,建筑与房地产,nan_parent,352041,土建工程,21
1565,514,1563,质量管理,地产工程类,建筑与房地产,nan_parent,326561,质量管理,21
1550,514,1547,工程监理,地产工程类,建筑与房地产,nan_parent,142273,工程监理,21
1572,514,1571,结构工程,地产工程类,建筑与房地产,nan_parent,92342,结构工程,21
1552,514,1551,机电工程,地产工程类,建筑与房地产,nan_parent,42881,机电工程,21
1549,514,1547,总工程师,地产工程类,建筑与房地产,nan_parent,40996,总工程师,21
1557,514,1551,水电工程,地产工程类,建筑与房地产,nan_parent,15690,水电工程,21
1554,514,1551,电气工程,地产工程类,建筑与房地产,nan_parent,15550,电气工程,21
1564,514,1563,安全工程,地产工程类,建筑与房地产,nan_parent,13740,安全工程,21
1574,514,1573,幕墙工程,地产工程类,建筑与房地产,nan_parent,9846,幕墙工程,21
1553,514,1551,机电设备,地产工程类,建筑与房地产,nan_parent,8888,机电设备,21
1561,514,1560,市政工程,地产工程类,建筑与房地产,nan_parent,8772,市政工程,21
1569,514,1568,景观工程,地产工程类,建筑与房地产,nan_parent,8298,景观工程,21
1556,514,1551,暖通工程,地产工程类,建筑与房地产,nan_parent,7854,暖通工程,21
1567,514,1566,室内工程,地产工程类,建筑与房地产,nan_parent,6856,室内工程,21
1558,514,1551,水暖工程,地产工程类,建筑与房地产,nan_parent,5082,水暖工程,21
1555,514,1551,给排水工程,地产工程类,建筑与房地产,nan_parent,3367,给排水工程,21
1570,514,1568,环境工程,地产工程类,建筑与房地产,nan_parent,2639,环境工程,21
1562,514,1560,路桥工程,地产工程类,建筑与房地产,nan_parent,759,路桥工程,21
1559,514,1551,水利水电工程,地产工程类,建筑与房地产,nan_parent,336,水利水电工程,21
1594,514,1593,工程造价,地产成本类,建筑与房地产,成本,250455,工程造价,58
1598,514,1593,机电造价,地产成本类,建筑与房地产,成本,137475,机电造价,58
1597,514,1593,成本管理,地产成本类,建筑与房地产,成本,74839,成本管理,58
1595,514,1593,招标合约,地产成本类,建筑与房地产,成本,31809,招标合约,58
1600,514,1593,幕墙造价,地产成本类,建筑与房地产,成本,16596,幕墙造价,58
1596,514,1593,招标采购,地产成本类,建筑与房地产,成本,5930,招标采购,58
1602,514,1593,总经济师,地产成本类,建筑与房地产,成本,1349,总经济师,58
1601,514,1593,精装成本,地产成本类,建筑与房地产,成本,131,精装成本,58
1599,514,1593,景观造价,地产成本类,建筑与房地产,成本,86,景观造价,58
1593,514,0,成本,地产成本类,建筑与房地产,nan_parent,0,nan_pre_name,58
936,0,0,采购,采购类,nan_industry,nan_parent,743825,采购,19
2009,518,936,buyer,采购类,消费品,采购,1719,buyer,19
2008,518,936,purchasing manager,采购类,消费品,采购,0,nan_pre_name,19
2007,518,936,sourcing manager,采购类,消费品,采购,0,nan_pre_name,19
2006,518,936,procurement manager,采购类,消费品,采购,0,nan_pre_name,19
273,0,248,会计,财务类,nan_industry,财务,1249648,会计,41
248,0,0,财务,财务类,nan_industry,nan_parent,882336,财务,41
1040,0,248,出纳,财务类,nan_industry,财务,508161,出纳,41
1039,0,248,会计助理,财务类,nan_industry,财务,177115,会计助理,41
272,0,248,审计,财务类,nan_industry,财务,140106,审计,41
1044,0,248,注册会计师,财务类,nan_industry,财务,77949,注册会计师,41
1036,0,248,成本会计,财务类,nan_industry,财务,52188,成本会计,41
1028,0,248,税务,财务类,nan_industry,财务,41610,税务,41
1037,0,248,总账会计,财务类,nan_industry,财务,32778,总账会计,41
1029,0,248,资金,财务类,nan_industry,财务,25597,资金,41
1033,0,248,财务会计,财务类,nan_industry,财务,18350,财务会计,41
1032,0,248,财务分析与预算,财务类,nan_industry,财务,11151,财务分析与预算,41
1034,0,248,应收会计,财务类,nan_industry,财务,10492,应收会计,41
1035,0,248,应付会计,财务类,nan_industry,财务,9987,应付会计,41
1041,0,248,材料会计,财务类,nan_industry,财务,6018,材料会计,41
1027,0,248,首席财务官,财务类,nan_industry,财务,3279,首席财务官,41
1038,0,248,固定资产会计,财务类,nan_industry,财务,1744,固定资产会计,41
1042,0,248,报表会计,财务类,nan_industry,财务,690,报表会计,41
1030,0,248,erp财务顾问,财务类,nan_industry,财务,85,erp财务顾问,41
1724,419,0,系统工程师,IC研发类,电子技术/半导体/集成电路,nan_parent,131626,系统工程师,59
1720,419,0,嵌入式软件工程师,IC研发类,电子技术/半导体/集成电路,nan_parent,24263,嵌入式软件工程师,59
1725,419,1724,系统架构工程师,IC研发类,电子技术/半导体/集成电路,系统工程师,10401,系统架构工程师,59
1715,419,1724,系统设计工程师,IC研发类,电子技术/半导体/集成电路,系统工程师,7965,系统设计工程师,59
1718,419,0,硬件设计工程师,IC研发类,电子技术/半导体/集成电路,nan_parent,2307,硬件设计工程师,59
1716,419,3000,fpga研发工程师,IC研发类,电子技术/半导体/集成电路,ic设计,171,fpga研发工程师,59
1733,419,1724,系统算法工程师,IC研发类,电子技术/半导体/集成电路,系统工程师,34,系统算法工程师,59
1713,419,3000,模拟版图设计工程师,IC研发类,电子技术/半导体/集成电路,ic设计,28,模拟版图设计工程师,59
1711,419,3000,ic后端设计工程师,IC研发类,电子技术/半导体/集成电路,ic设计,22,ic后端设计工程师,59
1709,419,3000,ic数字设计工程师,IC研发类,电子技术/半导体/集成电路,ic设计,6,ic数字设计工程师,59
1714,419,3000,模拟混合信号工程师,IC研发类,电子技术/半导体/集成电路,ic设计,1,模拟混合信号工程师,59
1734,419,3000,validation engineer,IC研发类,电子技术/半导体/集成电路,ic设计,0,nan_pre_name,59
1710,419,3000,ic数字验证工程师,IC研发类,电子技术/半导体/集成电路,ic设计,0,nan_pre_name,59
1712,419,3000,ic模拟设计工程师,IC研发类,电子技术/半导体/集成电路,ic设计,0,nan_pre_name,59
1717,419,3000,dft engineer,IC研发类,电子技术/半导体/集成电路,ic设计,0,nan_pre_name,59
1735,419,3000,pcb design engineer,IC研发类,电子技术/半导体/集成电路,ic设计,0,nan_pre_name,59
1729,419,0,bsp开发工程师,IC研发类,电子技术/半导体/集成电路,nan_parent,0,nan_pre_name,59
1728,419,0,dsp开发工程师,IC研发类,电子技术/半导体/集成电路,nan_parent,0,nan_pre_name,59
1726,419,0,software ae engineer,IC研发类,电子技术/半导体/集成电路,nan_parent,0,nan_pre_name,59
3000,419,0,ic设计,IC研发类,电子技术/半导体/集成电路,nan_parent,0,nan_pre_name,59
4001,2,0,软件架构师,软件技术类,互联网,nan_parent,0,nan_pre_name,26
